Sow Date,Category,Crop,Crop Type,Variety,Days In Greenhouse,Transplant Date,# Of Flats,Flat Type,Seeds Per Cell,Number Of Transplants,Unnamed: 11,Planted at Kretschmanns
2024-01-08,Vegetables,Scallions,Onions: Scallions,Evergreen Hardy White,24,2024-02-01,4.09,"Paper pot 4"": 264",4.0,1080.0,,
2024-01-10,Vegetables,Swiss Chard,Swiss Chard,Fordhook Giant,35,2024-02-14,2.42,128 cell flats,1.0,310.0,,
2024-01-10,Vegetables,Kale,Kale,Winterbor,35,2024-02-14,0.0,,1.0,338.0,,
2024-01-10,Vegetables,Turnips,Turnips,Hakurei,14,2024-01-24,3.07,"Paper pot 4"": 264",3.0,810.0,,
2024-01-11,Vegetables,Turnips,Turnips,Hakurei,14,2024-01-25,3.07,"Paper pot 4"": 264",3.0,810.0,,
2024-01-12,Vegetables,Bok Choy,Pac Choi (Bok Choy),Li Ren Choi,28,2024-02-09,3.98,128 cell flats,1.0,510.0,,
2024-01-15,Vegetables,Celery,Celery,kelvin,70,2024-03-25,2.11,200 cell flats,1.0,421.0,,
2024-01-15,Spices and Herbs,Chervil,Chervil,Generic Variety,28,2024-02-12,4.09,"Paper pot 4"": 264",3.0,1080.0,,
2024-01-15,Flowers,Bells of Ireland,Bells of Ireland,Generic Variety,80,2024-04-04,1.45,128 cell flats,2.0,186.0,,
2024-01-15,Flowers,Poppy,Poppy,iceland poppy,31,2024-02-15,2.07,200 cell flats,3.0,414.0,,
2024-01-15,Flowers,Viola (Pansy),Viola (Pansy),Generic Variety,70,2024-03-25,2.07,200 cell flats,2.0,414.0,,
2024-01-15,Flowers,Snapdragons,Snapdragon,Generic Variety,50,2024-03-05,1.66,200 cell flats,2.0,331.0,,
2024-01-17,Vegetables,Spinach,Spinach,rangitito,15,2024-02-01,4.09,"Paper pot 4"": 264",2.0,1080.0,,
2024-01-17,Vegetables,Spinach,Spinach,rangitito,15,2024-02-01,4.09,"Paper pot 4"": 264",2.0,1080.0,,
2024-01-17,Vegetables,Spinach,Spinach,rangitito,15,2024-02-01,4.09,"Paper pot 4"": 264",2.0,1080.0,,
2024-01-17,Vegetables,Spinach,Spinach,rangitito,15,2024-02-01,4.09,"Paper pot 4"": 264",2.0,1080.0,,
2024-01-18,Vegetables,Beets,Beets,Babybeat,23,2024-02-10,4.09,"Paper pot 4"": 264",1.0,1080.0,,
2024-01-26,Vegetables,Peppers,Hot,PS11435807 JALPENO,110,2024-05-15,0.57,200 cell flats,1.0,113.0,,
2024-01-26,Vegetables,Peppers,Hot,Helios,110,2024-05-15,0.57,200 cell flats,1.0,113.0,,
2024-01-26,Vegetables,Peppers,Mild,Buldog Paprika (Fedco),110,2024-05-15,1.69,200 cell flats,1.0,338.0,,
2024-01-26,Vegetables,Peppers,Hot,Red Flame,110,2024-05-15,1.69,200 cell flats,1.0,338.0,,
2024-01-26,Vegetables,Peppers,Bell,sailfish,110,2024-05-15,1.69,200 cell flats,1.0,338.0,,
2024-01-26,Flowers,Rudbeckia,Rudbeckia (Black-Eyed Susan),Generic Variety,47,2024-03-13,1.45,128 cell flats,2.0,186.0,,
2024-01-29,Flowers,Campanula,Campanula Medium,Generic Variety,50,2024-03-19,2.59,128 cell flats,1.0,331.0,,
2024-01-29,Flowers,Digitalis,Digitalis (Foxglove),Generic Variety,80,2024-04-18,1.45,128 cell flats,2.0,186.0,,
2024-01-29,Flowers,Orlaya,Orlaya,White Finch,35,2024-03-04,1.62,128 cell flats,2.0,207.0,,
2024-01-29,Flowers,Statice,Statice,Generic Variety,51,2024-03-20,1.45,128 cell flats,2.0,186.0,,
2024-01-29,Flowers,Stock,Stock,Generic Variety,63,2024-04-01,3.23,128 cell flats,2.0,414.0,,
2024-02-01,Vegetables,Artichokes,Artichokes,Imperial Star,60,2024-04-01,0.72,72 cell flats,1.0,52.0,,
2024-02-01,Vegetables,Artichokes,Artichokes,Imperial Star,60,2024-04-01,0.72,72 cell flats,1.0,52.0,,
2024-02-01,Vegetables,Artichokes,Artichokes,Imperial Star,60,2024-04-01,0.72,72 cell flats,1.0,52.0,,
2024-02-01,Vegetables,Artichokes,Artichokes,Imperial Star,60,2024-04-01,0.72,72 cell flats,1.0,52.0,,
2024-02-01,Vegetables,Leeks,Leeks,King Richard,55,2024-03-27,1.0,Open flat,1.0,778.0,,
2024-02-02,Vegetables,Celeriac,Celeriac,Balena,77,2024-04-19,3.04,200 cell flats,0.0,608.0,,
2024-02-02,Vegetables,Celeriac,Celeriac,Balena,77,2024-04-19,3.04,200 cell flats,0.0,608.0,,
2024-02-03,Vegetables,Beets,Beets,Babybeat,23,2024-02-26,4.09,"Paper pot 4"": 264",1.0,1080.0,,
2024-02-03,Vegetables,Beets,Beets,Babybeat,23,2024-02-26,4.09,"Paper pot 4"": 264",1.0,1080.0,,
2024-02-03,Vegetables,Broccoli,Raab & Broccolini,BC1611,44,2024-03-18,2.42,128 cell flats,1.0,310.0,,
2024-02-03,Vegetables,Leeks,Leeks,rally,60,2024-04-03,1.0,Open flat,1.0,3024.0,,
2024-02-03,Vegetables,Leeks,Leeks,Tadorna,60,2024-04-03,23.63,128 cell flats,2.0,3024.0,,
2024-02-03,Spices and Herbs,Parsley,Parsley,Peione Flat,53,2024-03-27,2.45,"Paper pot 6"": 264",0.0,648.0,,
2024-02-03,Spices and Herbs,Parsley,Parsley,Peione Flat,53,2024-03-27,2.45,"Paper pot 6"": 264",0.0,648.0,,
2024-02-03,Spices and Herbs,Parsley,Parsley,Peione Flat,53,2024-03-27,2.45,"Paper pot 6"": 264",0.0,648.0,,
2024-02-04,Vegetables,Onions,Cipollini,Gold Coin,61,2024-04-05,3.07,"Paper pot 4"": 264",2.0,810.0,,
2024-02-04,Vegetables,Onions,Cipollini,Gold Coin,61,2024-04-05,3.07,"Paper pot 4"": 264",2.0,810.0,,
2024-02-04,Vegetables,Onions,Cipollini,Gold Coin,61,2024-04-05,3.07,"Paper pot 4"": 264",2.0,810.0,,
2024-02-04,Vegetables,Onions,Cipollini,Bianca Di Maggio,61,2024-04-05,3.07,"Paper pot 4"": 264",2.0,810.0,,
2024-02-04,Vegetables,Onions,Cipollini,Bianca Di Maggio,61,2024-04-05,3.07,"Paper pot 4"": 264",2.0,810.0,,
2024-02-04,Flowers,Snapdragons,Snapdragon,Generic Variety,50,2024-03-25,1.66,200 cell flats,2.0,331.0,,
2024-02-04,Flowers,Snapdragons,Snapdragon,Generic Variety,50,2024-03-25,1.66,200 cell flats,2.0,331.0,,
2024-02-06,Flowers,Strawflower/ Helipterum/ Paper Daisy,Strawflower/ Helipterum/ Paper Daisy,Generic Variety,56,2024-04-02,1.45,128 cell flats,2.0,186.0,,
2024-02-06,Flowers,Strawflower/ Helipterum/ Paper Daisy,Strawflower/ Helipterum/ Paper Daisy,Generic Variety,56,2024-04-02,1.45,128 cell flats,2.0,186.0,,
2024-02-07,Vegetables,Onions,Cipollini,Red Marble,61,2024-04-08,4.09,"Paper pot 4"": 264",2.0,1080.0,,
2024-02-07,Vegetables,Peppers,Bell,Brocanto,75,2024-04-22,0.6,200 cell flats,1.0,120.0,,
2024-02-07,Vegetables,Peas,Snap,Sugar Snap,14,2024-02-21,0.0,,0.0,1080.0,,
2024-02-07,Vegetables,Peas,Snap,Sugar Snap,14,2024-02-21,0.0,,0.0,1080.0,,
2024-02-09,Vegetables,Broccoli,Raab & Broccolini,Happy Rich,38,2024-03-18,2.11,128 cell flats,0.0,270.0,,
2024-02-09,Vegetables,Turnips,Turnips,Hakurei,14,2024-02-23,3.07,"Paper pot 4"": 264",3.0,810.0,,
2024-02-09,Vegetables,Turnips,Turnips,Hakurei,14,2024-02-23,3.07,"Paper pot 4"": 264",3.0,810.0,,
2024-02-10,Flowers,Asclepias,Asclepias (Butterfly Weed),Generic Variety,56,2024-04-06,2.58,72 cell flats,1.0,186.0,,
2024-02-11,Vegetables,Onions,Red,Red Long of Tropea,57,2024-04-08,4.09,"Paper pot 4"": 264",2.0,1080.0,,
2024-02-11,Vegetables,Onions,Red,Red Long of Tropea,57,2024-04-08,4.09,"Paper pot 4"": 264",2.0,1080.0,,
2024-02-11,Vegetables,Peppers,Bell,Sprinter,80,2024-05-01,0.75,200 cell flats,0.0,150.0,,
2024-02-11,Vegetables,Spinach,Spinach,Space,15,2024-02-26,22.0,"Paper pot 4"": 264",2.0,5808.0,,
2024-02-11,Flowers,Stock,Stock,Generic Variety,63,2024-04-14,3.23,128 cell flats,2.0,414.0,,
2024-02-11,Flowers,Ageratum,Ageratum,Generic Variety,49,2024-03-31,1.45,128 cell flats,2.0,186.0,,
2024-02-12,Vegetables,Broccoli,Heading,Apollo,35,2024-03-18,2.42,128 cell flats,1.0,310.0,,
2024-02-12,Vegetables,Lettuce: Salad Mix,Lettuce: Salad Mix,SALANOVA (TINY SEED MIX),24,2024-03-07,3.46,200 cell flats,1.0,691.0,,
2024-02-12,Vegetables,Lettuce: Salad Mix,Lettuce: Salad Mix,SALANOVA (TINY SEED MIX),24,2024-03-07,3.46,200 cell flats,1.0,691.0,,
2024-02-12,Vegetables,Lettuce: Salad Mix,Lettuce: Salad Mix,SALANOVA (TINY SEED MIX),24,2024-03-07,3.46,200 cell flats,1.0,691.0,,
2024-02-12,Vegetables,Lettuce: Salad Mix,Lettuce: Salad Mix,SALANOVA (TINY SEED MIX),24,2024-03-07,3.46,200 cell flats,1.0,691.0,,
2024-02-12,Flowers,Calendula (Ornamental),Calendula (Ornamental),Generic Variety,34,2024-03-17,1.45,128 cell flats,1.0,186.0,,
2024-02-12,Flowers,Calendula (Ornamental),Calendula (Ornamental),Generic Variety,34,2024-03-17,1.45,128 cell flats,1.0,186.0,,
2024-02-12,Flowers,Ammobium,Ammobium,Generic Variety,42,2024-03-25,1.3,128 cell flats,2.0,166.0,,
2024-02-13,Vegetables,Fennel,Fennel,Preludio,43,2024-03-27,4.5,72 cell flats,1.0,324.0,,
2024-02-13,Vegetables,Fennel,Fennel,Preludio,43,2024-03-27,4.5,72 cell flats,1.0,324.0,,
2024-02-13,Vegetables,Onions,White,Sierra Blanca,56,2024-04-09,4.09,"Paper pot 4"": 264",1.0,1080.0,,
2024-02-13,Vegetables,Onions,White,Sierra Blanca,56,2024-04-09,4.09,"Paper pot 4"": 264",1.0,1080.0,,
2024-02-13,Vegetables,Onions,White,Sierra Blanca,56,2024-04-09,4.09,"Paper pot 4"": 264",1.0,1080.0,,
2024-02-13,Vegetables,Onions,White,Sierra Blanca,56,2024-04-09,4.09,"Paper pot 4"": 264",1.0,1080.0,,
2024-02-13,Vegetables,Onions,White,Sierra Blanca,56,2024-04-09,4.09,"Paper pot 4"": 264",1.0,1080.0,,
2024-02-13,Vegetables,Onions,Red,Cabernet,57,2024-04-10,4.09,"Paper pot 4"": 264",1.0,1080.0,,
2024-02-13,Vegetables,Onions,Red,Cabernet,57,2024-04-10,4.09,"Paper pot 4"": 264",1.0,1080.0,,
2024-02-13,Vegetables,Onions,Red,Cabernet,57,2024-04-10,4.09,"Paper pot 4"": 264",1.0,1080.0,,
2024-02-13,Vegetables,Onions,Red,Cabernet,57,2024-04-10,4.09,"Paper pot 4"": 264",1.0,1080.0,,
2024-02-13,Vegetables,Onions,Red,Cabernet,57,2024-04-10,4.09,"Paper pot 4"": 264",1.0,1080.0,,
2024-02-15,Vegetables,Shallots,Shallots,Conservor,50,2024-04-05,3.07,"Paper pot 4"": 264",2.0,810.0,,
2024-02-15,Vegetables,Shallots,Shallots,Conservor,50,2024-04-05,3.07,"Paper pot 4"": 264",2.0,810.0,,
2024-02-15,Vegetables,Shallots,Shallots,Conservor,50,2024-04-05,3.07,"Paper pot 4"": 264",2.0,810.0,,
2024-02-15,Spices and Herbs,Cilantro,Cilantro,Calypso,13,2024-02-28,8.18,"Paper pot 2"": 264",4.0,2160.0,,
2024-02-15,Flowers,Poppy,Poppy,giant,22,2024-03-08,2.07,200 cell flats,3.0,414.0,,
2024-02-16,Vegetables,Peppers,Bell,Milena,75,2024-05-01,0.6,200 cell flats,0.0,120.0,,
2024-02-16,Vegetables,Radicchio,Radicchio,Indigo,40,2024-03-27,2.64,128 cell flats,1.0,338.0,,
2024-02-16,Vegetables,Radicchio,Radicchio,Indigo,40,2024-03-27,2.64,128 cell flats,1.0,338.0,,
2024-02-16,Spices and Herbs,Dill,Dill,Hera,14,2024-03-01,2.05,"Paper pot 4"": 264",4.0,540.0,,
2024-02-16,Vegetables,Scallions,Onions: Scallions,Evergreen Hardy White,19,2024-03-06,4.09,"Paper pot 2"": 264",4.0,1080.0,,
2024-02-16,Flowers,Sweet Pea,Sweet Pea,Generic Variety,45,2024-04-01,5.75,72 cell flats,2.0,414.0,,
2024-02-19,Spices and Herbs,Feverfew,Feverfew,Generic Variety,50,2024-04-09,3.23,128 cell flats,2.0,414.0,,
2024-02-19,Spices and Herbs,Bee Balm,Bee Balm,Wild Bergamot,42,2024-04-01,1.45,128 cell flats,2.0,186.0,,
2024-02-19,Flowers,Atriplex (Cut flower),Atriplex (Cut flower),Generic Variety,40,2024-03-30,0.73,128 cell flats,2.0,93.0,,
2024-02-20,Vegetables,Lettuce,Little Gem,Newham,28,2024-03-19,1.83,128 cell flats,1.0,234.0,,
2024-02-20,Vegetables,Lettuce,Butterhead,Adriana,28,2024-03-19,1.09,128 cell flats,1.0,140.0,,
2024-02-20,Vegetables,Lettuce,Bibb,Rosaine,28,2024-03-19,1.83,128 cell flats,1.0,234.0,,
2024-02-20,Vegetables,Lettuce,Oakleaf,Panisse,28,2024-03-19,0.7,200 cell flats,1.0,140.0,,
2024-02-20,Vegetables,Lettuce,Summer Crisp,Muir,31,2024-03-22,0.0,,1.0,140.0,,
2024-02-20,Vegetables,Lettuce,Summer Crisp,Cherokee,28,2024-03-19,1.09,128 cell flats,1.0,140.0,,
2024-02-21,Vegetables,Kale,Kale,Winterbor,35,2024-03-27,0.0,,1.0,338.0,,
2024-02-21,Vegetables,Kale,Kale,Winterbor,35,2024-03-27,0.0,,1.0,144.0,,
2024-02-21,Vegetables,Kale,Kale,Winterbor,35,2024-03-27,0.0,,1.0,144.0,,
2024-02-22,Vegetables,Collard Greens,Collards,Flash,35,2024-03-28,2.6,72 cell flats,1.0,187.0,,
2024-02-22,Flowers,Bupleurum,Bupleurum,Green Gold,36,2024-03-29,1.17,"Paper pot 6"": 264",2.0,310.0,,
2024-02-22,Flowers,Larkspur,Larkspur,Generic Variety,37,2024-03-30,3.23,128 cell flats,2.0,414.0,,
2024-02-23,Vegetables,Kale,Kale,Black Magic,33,2024-03-27,4.88,72 cell flats,1.0,351.0,,
2024-02-23,Vegetables,Kale,Kale,Black Magic,33,2024-03-27,3.25,72 cell flats,1.0,234.0,,
2024-02-23,Vegetables,Kale,Kale,Black Magic,33,2024-03-27,3.25,72 cell flats,1.0,234.0,,
2024-02-23,Vegetables,Beans: Fava,Beans: Fava,Vroma,23,2024-03-17,0.0,,0.0,468.0,,
2024-02-23,Vegetables,Beans: Fava,Beans: Fava,Vroma,23,2024-03-17,0.0,,0.0,468.0,,
2024-02-23,Vegetables,Beans: Fava,Beans: Fava,Vroma,23,2024-03-17,0.0,,0.0,468.0,,
2024-02-26,Vegetables,Frisee,Frisee,benefine,35,2024-04-01,3.75,200 cell flats,1.0,749.0,,
2024-02-26,Vegetables,Spinach,Spinach,Space,15,2024-03-12,4.09,"Paper pot 4"": 264",2.0,1080.0,,
2024-02-26,Vegetables,Spinach,Spinach,Space,15,2024-03-12,4.09,"Paper pot 4"": 264",2.0,1080.0,,
2024-02-26,Flowers,Nigella,Nigella,Generic Variety,35,2024-04-01,1.62,128 cell flats,3.0,207.0,,
2024-02-26,Flowers,Scabiosa,Annual,Generic Variety,42,2024-04-08,0.73,128 cell flats,1.0,93.0,,
2024-02-26,Flowers,Scabiosa,Annual,Generic Variety,42,2024-04-08,0.73,128 cell flats,1.0,93.0,,
2024-02-26,Flowers,Craspedia,Craspedia (Drumstick Flower),Generic Variety,49,2024-04-15,1.45,128 cell flats,2.0,186.0,,
2024-02-26,Flowers,Annual Honesty,Lunaria annua - Annual Honesty,Generic Variety,32,2024-03-29,1.45,128 cell flats,2.0,186.0,,
2024-02-26,Flowers,Phlox,Phlox,Generic Variety,32,2024-03-29,3.23,128 cell flats,2.0,414.0,,
2024-02-27,Vegetables,Dandelions,Italian,Clio,35,2024-04-02,3.46,200 cell flats,3.0,691.0,,
2024-02-27,Vegetables,Dandelions,Italian,Clio,35,2024-04-02,3.46,200 cell flats,3.0,691.0,,
2024-02-27,Vegetables,Kohlrabi,Kohlrabi,Terek,34,2024-04-01,5.63,128 cell flats,1.0,720.0,,
2024-02-27,Vegetables,Kohlrabi,Kohlrabi,Terek,34,2024-04-01,5.63,128 cell flats,1.0,720.0,,
2024-02-28,Vegetables,Swiss Chard,Swiss Chard,Fordhook Giant,35,2024-04-03,2.42,128 cell flats,1.0,310.0,,
2024-02-28,Vegetables,Swiss Chard,Swiss Chard,Bright Lights,35,2024-04-03,2.74,128 cell flats,2.0,351.0,,
2024-02-28,Vegetables,Peppers,Mild,Capperino,77,2024-05-15,1.49,200 cell flats,1.0,297.0,,
2024-02-28,Flowers,Didiscus,Didiscus (Lady Blue),Generic Variety,42,2024-04-10,1.62,128 cell flats,2.0,207.0,,
2024-02-29,Spices and Herbs,Basil,Basil,prospera,45,2024-04-14,1.35,200 cell flats,4.0,270.0,,
2024-02-29,Spices and Herbs,Basil,Basil,prospera,45,2024-04-14,1.35,200 cell flats,4.0,270.0,,
2024-02-29,Spices and Herbs,Basil,Basil,prospera,45,2024-04-14,1.35,200 cell flats,4.0,270.0,,
2024-03-01,Spices and Herbs,Basil,Basil,prospera,45,2024-04-15,4.68,200 cell flats,4.0,936.0,,
2024-03-01,Spices and Herbs,Basil,Basil,prospera,45,2024-04-15,4.68,200 cell flats,4.0,936.0,,
2024-03-01,Vegetables,Broccoli,Raab & Broccolini,BC1611,35,2024-04-05,2.43,128 cell flats,1.0,311.0,,
2024-03-01,Vegetables,Broccoli,Raab & Broccolini,Happy Rich,38,2024-04-08,2.11,128 cell flats,0.0,270.0,,
2024-03-01,Vegetables,Broccoli,Heading,Apollo,35,2024-04-05,2.42,128 cell flats,1.0,310.0,,
2024-03-01,Vegetables,Peppers,Mild,sargento poblano,75,2024-05-15,1.13,200 cell flats,1.0,225.0,,
2024-03-01,Vegetables,Turnips,Turnips,Hakurei,14,2024-03-15,3.07,"Paper pot 4"": 264",3.0,810.0,,
2024-03-01,Vegetables,Turnips,Turnips,Hakurei,14,2024-03-15,3.07,"Paper pot 4"": 264",3.0,810.0,,
2024-03-01,Flowers,Ammi,Ammi (False Queen Anne's Lace),1/2 reg and 1/2 dara,38,2024-04-08,2.59,128 cell flats,3.0,331.0,,
2024-03-02,Vegetables,Broccoli,Raab & Broccolini,spring raab,16,2024-03-18,3.07,"Paper pot 4"": 264",3.0,810.0,,
2024-03-02,Vegetables,Broccoli,Raab & Broccolini,spring raab,16,2024-03-18,3.07,"Paper pot 4"": 264",3.0,810.0,,
2024-03-02,Vegetables,Escarole,Escarole,Natacha,28,2024-03-30,2.11,128 cell flats,1.0,270.0,,
2024-03-03,Vegetables,Cabbage,Cabbage,Farao,38,2024-04-10,2.6,72 cell flats,0.0,187.0,,
2024-03-03,Vegetables,Cabbage,Cabbage,Alcosa,38,2024-04-10,2.5,72 cell flats,1.0,180.0,,
2024-03-03,Vegetables,Cabbage,Cabbage,Alcosa,38,2024-04-10,2.5,72 cell flats,1.0,180.0,,
2024-03-03,Vegetables,Lettuce,Summer Crisp,Muir,31,2024-04-03,0.0,,1.0,140.0,,
2024-03-05,Vegetables,Lettuce: Salad Mix,Lettuce: Salad Mix,SALANOVA (TINY SEED MIX),24,2024-03-29,3.46,200 cell flats,1.0,691.0,,
2024-03-05,Vegetables,Lettuce: Salad Mix,Lettuce: Salad Mix,SALANOVA (TINY SEED MIX),24,2024-03-29,3.46,200 cell flats,1.0,691.0,,
2024-03-05,Vegetables,Lettuce: Salad Mix,Lettuce: Salad Mix,SALANOVA (TINY SEED MIX),24,2024-03-29,3.46,200 cell flats,1.0,691.0,,
2024-03-05,Vegetables,Lettuce: Salad Mix,Lettuce: Salad Mix,SALANOVA (TINY SEED MIX),24,2024-03-29,3.46,200 cell flats,1.0,691.0,,
2024-03-06,Vegetables,Bok Choy,Pac Choi (Bok Choy),Mei Qing Choi,28,2024-04-03,3.98,128 cell flats,1.0,510.0,,
2024-03-06,Vegetables,Cauliflower,Cauliflower,TSJ-65,35,2024-04-10,2.5,72 cell flats,1.0,180.0,,
2024-03-06,Vegetables,Cauliflower,Cauliflower,TSJ-65,35,2024-04-10,2.5,72 cell flats,1.0,180.0,,
2024-03-06,Vegetables,Eggplant,European,Traviata,59,2024-05-04,0.0,,0.0,120.0,,
2024-03-06,Vegetables,Eggplant,European,Traviata,59,2024-05-04,0.0,,0.0,120.0,,
2024-03-06,Vegetables,Eggplant,European,annina,59,2024-05-04,2.08,72 cell flats,1.0,150.0,,
2024-03-06,Vegetables,Eggplant,Asian,Orient Express,59,2024-05-04,1.17,128 cell flats,0.0,150.0,,
2024-03-06,Vegetables,Eggplant,Asian,Fairy Tale,59,2024-05-04,1.17,128 cell flats,1.0,150.0,,
2024-03-06,Vegetables,Eggplant,Asian,Fairy Tale,59,2024-05-04,1.17,128 cell flats,1.0,150.0,,
2024-03-06,Vegetables,Lettuce,Summer Crisp,Cherokee,28,2024-04-03,1.09,128 cell flats,1.0,140.0,,
2024-03-06,Vegetables,Lettuce,Little Gem,Newham,28,2024-04-03,1.83,128 cell flats,1.0,234.0,,
2024-03-06,Vegetables,Lettuce,Butterhead,Adriana,28,2024-04-03,1.09,128 cell flats,1.0,140.0,,
2024-03-06,Vegetables,Lettuce,Bibb,Rosaine,28,2024-04-03,1.83,128 cell flats,1.0,234.0,,
2024-03-06,Vegetables,Lettuce,Oakleaf,Panisse,28,2024-04-03,0.7,200 cell flats,1.0,140.0,,
2024-03-07,Vegetables,Beets,Beets,Red Ace,22,2024-03-29,3.07,"Paper pot 4"": 264",1.0,810.0,,
2024-03-07,Vegetables,Beets,Beets,Boldor,21,2024-03-28,3.07,"Paper pot 4"": 264",1.0,810.0,,
2024-03-07,Vegetables,Beets,Beets,Chioggia Guardsmark,21,2024-03-28,3.07,"Paper pot 4"": 264",1.0,810.0,,
2024-03-07,Vegetables,Celtuce,Celtuce,Spring Tower,24,2024-03-31,4.5,128 cell flats,1.0,576.0,,
2024-03-08,Vegetables,Eggplant,European,Beatrice,59,2024-05-06,1.17,128 cell flats,0.0,150.0,,
2024-03-08,Vegetables,Tomatoes,Slicer,Celebrity,45,2024-04-22,0.3,200 cell flats,1.0,59.0,,
2024-03-08,Vegetables,Tomatoes,Slicer,BHN-589,45,2024-04-22,0.3,200 cell flats,1.0,59.0,,
2024-03-08,Flowers,Rudbeckia,Rudbeckia (Black-Eyed Susan),Generic Variety,47,2024-04-24,1.45,128 cell flats,2.0,186.0,,
2024-03-08,Flowers,Artemisia,Artemisia,Generic Variety,42,2024-04-19,1.45,128 cell flats,2.0,186.0,,
2024-03-11,Vegetables,Broccoli,Heading,Gypsy,35,2024-04-15,2.31,72 cell flats,1.0,166.0,,
2024-03-11,Vegetables,Broccoli,Heading,Gypsy,35,2024-04-15,2.31,72 cell flats,1.0,166.0,,
2024-03-11,Vegetables,Broccoli,Heading,Amadeus,35,2024-04-15,2.31,72 cell flats,1.0,166.0,,
2024-03-11,Vegetables,Cabbage: Chinese (Napa),Cabbage: Chinese (Napa),Minuet,30,2024-04-10,3.25,72 cell flats,1.0,234.0,,
2024-03-11,Vegetables,Peppers,Sweet,Goddess,65,2024-05-15,1.13,200 cell flats,1.0,225.0,,
2024-03-11,Vegetables,Peppers,Sweet,Carmen,65,2024-05-15,1.49,200 cell flats,1.0,297.0,,
2024-03-11,Flowers,Centaurea,Centaurea (Bachelor's Button),Generic Variety,33,2024-04-13,1.17,"Paper pot 6"": 264",2.0,310.0,,
2024-03-11,Flowers,Statice,Statice,Generic Variety,51,2024-05-01,1.45,128 cell flats,1.0,186.0,,
2024-03-11,Flowers,Ammobium,Ammobium,Generic Variety,42,2024-04-22,1.3,128 cell flats,2.0,166.0,,
2024-03-11,Vegetables,Cabbage: Chinese (Napa),Cabbage: Chinese (Napa),Minuet,30,2024-04-10,3.25,72 cell flats,1.0,234.0,,
2024-03-11,Vegetables,Radicchio,Radicchio,Indigo,40,2024-04-20,2.64,128 cell flats,1.0,338.0,,
2024-03-11,Vegetables,Radicchio,Radicchio,Indigo,40,2024-04-20,2.64,128 cell flats,1.0,338.0,,
2024-03-11,Flowers,Monarda (Bee Balm),Monarda (Bee Balm),Lemon Mint,50,2024-04-30,1.45,128 cell flats,2.0,186.0,,
2024-03-11,Flowers,Asters,Aster,Generic Variety,49,2024-04-29,1.45,128 cell flats,2.0,186.0,,
2024-03-11,Flowers,Asters,Aster,Generic Variety,49,2024-04-29,1.45,128 cell flats,2.0,186.0,,
2024-03-12,Vegetables,Cucumbers,Cucumbers,Corinto,20,2024-04-01,0.88,50 cell flats,1.0,44.0,,
2024-03-12,Vegetables,Cucumbers,Cucumbers,Corinto,20,2024-04-01,0.88,50 cell flats,1.0,44.0,,
2024-03-12,Vegetables,Cucumbers,Cucumbers,Corinto,20,2024-04-01,0.88,50 cell flats,1.0,44.0,,
2024-03-13,Vegetables,Peppers,Mild,Mellow Star,63,2024-05-15,0.9,200 cell flats,0.0,180.0,,
2024-03-13,Vegetables,Peppers,Sweet,Lunchbox Pepper Mix,63,2024-05-15,1.35,200 cell flats,1.0,270.0,,
2024-03-13,Vegetables,Tomatoes,Slicer,Marvori,54,2024-05-06,0.2,200 cell flats,1.0,40.0,,
2024-03-13,Spices and Herbs,Dill,Dill,Hera,14,2024-03-27,4.09,"Paper pot 4"": 264",4.0,1080.0,,
2024-03-13,Flowers,Strawflower/ Helipterum/ Paper Daisy,Strawflower/ Helipterum/ Paper Daisy,Generic Variety,56,2024-05-08,1.45,128 cell flats,2.0,186.0,,
2024-03-13,Flowers,Strawflower/ Helipterum/ Paper Daisy,Strawflower/ Helipterum/ Paper Daisy,Generic Variety,56,2024-05-08,1.45,128 cell flats,2.0,186.0,,
2024-03-14,Flowers,Gomphrena,Gomphrena (Globe Amaranth),Generic Variety,42,2024-04-25,3.23,128 cell flats,2.0,414.0,,
2024-03-14,Flowers,Gomphrena,Gomphrena (Globe Amaranth),Generic Variety,42,2024-04-25,3.23,128 cell flats,2.0,414.0,,
2024-03-15,Vegetables,Tomatoes,Cherry,Sakura,50,2024-05-04,0.41,200 cell flats,1.0,81.0,,
2024-03-15,Vegetables,Tomatoes,Cherry,Sakura,50,2024-05-04,0.41,200 cell flats,1.0,81.0,,
2024-03-15,Vegetables,Tomatoes,Cherry,Sakura,50,2024-05-04,0.41,200 cell flats,1.0,81.0,,
2024-03-15,Vegetables,Turnips,Turnips,Hakurei,14,2024-03-29,3.07,"Paper pot 4"": 264",3.0,810.0,,
2024-03-15,Flowers,Poppy,Poppy,giant,22,2024-04-06,3.23,128 cell flats,3.0,414.0,,
2024-03-15,Flowers,Ageratum,Ageratum,Generic Variety,49,2024-05-03,1.45,128 cell flats,2.0,186.0,,
2024-03-16,Spices and Herbs,Cilantro,Cilantro,Calypso,13,2024-03-29,6.14,"Paper pot 2"": 264",4.0,1620.0,,
2024-03-16,Flowers,Snapdragons,Snapdragon,Generic Variety,50,2024-05-05,1.66,200 cell flats,2.0,331.0,,
2024-03-17,Vegetables,Lettuce,Summer Crisp,Muir,31,2024-04-17,0.0,,1.0,140.0,,
2024-03-18,Vegetables,Frisee,Frisee,benefine,35,2024-04-22,3.75,200 cell flats,1.0,749.0,,
2024-03-18,Vegetables,Kohlrabi,Kohlrabi,Terek,34,2024-04-21,5.63,128 cell flats,1.0,720.0,,
2024-03-18,Vegetables,Scallions,Onions: Scallions,Evergreen Hardy White,35,2024-04-22,4.09,"Paper pot 4"": 264",4.0,1080.0,,
2024-03-18,Vegetables,Basil (Flowers),Basil (Flowers),Generic Variety,49,2024-05-06,0.73,128 cell flats,2.0,93.0,,
2024-03-18,Spices and Herbs,Hibiscus,Hibiscus,mahogany splendor,61,2024-05-18,0.2,128 cell flats,2.0,26.0,,
2024-03-20,Vegetables,Lettuce,Summer Crisp,Cherokee,28,2024-04-17,1.09,128 cell flats,1.0,140.0,,
2024-03-20,Vegetables,Lettuce,Little Gem,Newham,28,2024-04-17,1.83,128 cell flats,1.0,234.0,,
2024-03-20,Vegetables,Lettuce,Butterhead,Adriana,28,2024-04-17,1.09,128 cell flats,1.0,140.0,,
2024-03-20,Vegetables,Lettuce,Butterhead,Adriana,28,2024-04-17,1.09,128 cell flats,1.0,140.0,,
2024-03-20,Vegetables,Lettuce,Bibb,Rosaine,28,2024-04-17,1.83,128 cell flats,1.0,234.0,,
2024-03-20,Vegetables,Lettuce,Oakleaf,Panisse,28,2024-04-17,0.7,200 cell flats,1.0,140.0,,
2024-03-20,Vegetables,Lettuce: Salad Mix,Lettuce: Salad Mix,SALANOVA (TINY SEED MIX),24,2024-04-13,3.46,200 cell flats,1.0,691.0,,
2024-03-20,Vegetables,Lettuce: Salad Mix,Lettuce: Salad Mix,SALANOVA (TINY SEED MIX),24,2024-04-13,3.46,200 cell flats,1.0,691.0,,
2024-03-20,Vegetables,Lettuce: Salad Mix,Lettuce: Salad Mix,SALANOVA (TINY SEED MIX),24,2024-04-13,3.46,200 cell flats,1.0,691.0,,
2024-03-20,Vegetables,Lettuce: Salad Mix,Lettuce: Salad Mix,SALANOVA (TINY SEED MIX),24,2024-04-13,3.46,200 cell flats,1.0,691.0,,
2024-03-21,Vegetables,Cauliflower,Cauliflower,TSJ-65,35,2024-04-25,2.5,72 cell flats,1.0,180.0,,
2024-03-22,Vegetables,Broccoli,Raab & Broccolini,spring raab,16,2024-04-07,3.07,"Paper pot 4"": 264",3.0,810.0,,
2024-03-22,Vegetables,Broccoli,Raab & Broccolini,spring raab,16,2024-04-07,3.07,"Paper pot 4"": 264",3.0,810.0,,
2024-03-22,Vegetables,Tomatoes,Slicer,Margold,45,2024-05-06,0.4,200 cell flats,1.0,79.0,,
2024-03-22,Vegetables,Tomatoes,Slicer,Beorange,45,2024-05-06,0.4,200 cell flats,1.0,79.0,,
2024-03-22,Vegetables,Tomatoes,Slicer,Marnero,45,2024-05-06,0.4,200 cell flats,1.0,79.0,,
2024-03-22,Vegetables,Tomatoes,Slicer,Pink Wonder,45,2024-05-06,0.4,200 cell flats,1.0,79.0,,
2024-03-22,Vegetables,Tomatoes,Slicer,marsalato,45,2024-05-06,0.4,200 cell flats,1.0,79.0,,
2024-03-22,Vegetables,Tomatoes,Slicer,Clementine,45,2024-05-06,0.4,200 cell flats,1.0,79.0,,
2024-03-22,Vegetables,Tomatoes,Cherry,Sun Citron,45,2024-05-06,0.4,200 cell flats,1.0,79.0,,
2024-03-22,Vegetables,Tomatoes,Slicer,Kakao,45,2024-05-06,0.2,200 cell flats,1.0,40.0,,
2024-03-24,Flowers,Agrostemma,Agrostemma (Corn Cockle),Ocean Pearls,15,2024-04-08,0.68,"Paper pot 6"": 264",2.0,180.0,,
2024-03-25,Flowers,Calendula (Ornamental),Calendula (Ornamental),Generic Variety,34,2024-04-28,1.45,128 cell flats,1.0,186.0,,
2024-03-25,Flowers,Viola (Pansy),Viola (Pansy),Generic Variety,70,2024-06-03,2.07,200 cell flats,2.0,414.0,,
2024-03-25,Spices and Herbs,Anise Hyssop,Anise Hyssop,Generic Variety,36,2024-04-30,1.45,128 cell flats,2.0,186.0,,
2024-03-25,Flowers,Cosmos,Cosmos,Generic Variety,35,2024-04-29,1.45,128 cell flats,2.0,186.0,,
2024-03-25,Flowers,Cosmos,Cosmos,Generic Variety,35,2024-04-29,1.45,128 cell flats,2.0,186.0,,
2024-03-25,Flowers,Celosia,Celosia,Generic Variety,42,2024-05-06,3.23,128 cell flats,4.0,414.0,,
2024-03-25,Flowers,Celosia,Celosia,Generic Variety,42,2024-05-06,3.23,128 cell flats,4.0,414.0,,
2024-03-25,Flowers,Celosia,Celosia,Generic Variety,42,2024-05-06,3.23,128 cell flats,4.0,414.0,,
2024-03-25,Flowers,Saponaria,Saponaria,Generic Variety,12,2024-04-06,1.02,"Paper pot 4"": 264",1.0,270.0,,
2024-03-25,Flowers,Grasses (Ornamental),Ornamental Grasses,Bunny Tails,40,2024-05-04,1.45,128 cell flats,2.0,186.0,,
2024-03-25,Flowers,Grasses (Ornamental),Ornamental Grasses,Feathertop,40,2024-05-04,1.45,128 cell flats,2.0,186.0,,
2024-03-26,Vegetables,Fennel,Fennel,Preludio,43,2024-05-08,4.5,72 cell flats,1.0,324.0,,
2024-03-27,Vegetables,Mustard,Mustard,Green Wave,24,2024-04-20,2.53,128 cell flats,3.0,324.0,,
2024-03-28,Vegetables,Cucumbers,Cucumbers,Corinto,20,2024-04-17,1.1,72 cell flats,1.0,79.0,,
2024-03-28,Vegetables,Cucumbers,Cucumbers,Corinto,20,2024-04-17,1.1,72 cell flats,1.0,79.0,,
2024-03-29,Vegetables,Turnips,Turnips,Hakurei,14,2024-04-12,3.07,"Paper pot 4"": 264",3.0,810.0,,
2024-03-29,Flowers,Didiscus,Didiscus (Lady Blue),Generic Variety,42,2024-05-10,1.62,128 cell flats,2.0,207.0,,
2024-03-31,Vegetables,Tomatoes,Cherry,Black Cherry,45,2024-05-15,0.3,200 cell flats,1.0,60.0,,
2024-03-31,Vegetables,Tomatoes,Cherry,Blush,45,2024-05-15,0.3,200 cell flats,1.0,60.0,,
2024-03-31,Vegetables,Tomatoes,Paste,Juliet,45,2024-05-15,0.33,200 cell flats,1.0,66.0,,
2024-03-31,Vegetables,Lettuce,Summer Crisp,Muir,31,2024-05-01,0.0,,1.0,140.0,,
2024-04-01,Spices and Herbs,Basil,Basil,prospera,45,2024-05-16,2.0,"Paper pot 6"": 264",4.0,528.0,,
2024-04-01,Spices and Herbs,Basil,Basil,Sweet Thai,40,2024-05-11,2.0,"Paper pot 6"": 264",3.0,528.0,,
2024-04-01,Flowers,Amaranthus,Amaranthus,Generic Variety,35,2024-05-06,1.45,128 cell flats,2.0,186.0,,
2024-04-01,Flowers,Amaranthus,Amaranthus,Generic Variety,35,2024-05-06,1.45,128 cell flats,2.0,186.0,,
2024-04-02,Vegetables,Tomatillos,Tomatillos,Super Verde,38,2024-05-10,0.35,128 cell flats,0.0,45.0,,
2024-04-02,Vegetables,Tomatillos,Tomatillos,Super Verde,38,2024-05-10,0.35,128 cell flats,0.0,45.0,,
2024-04-02,Flowers,Agrostemma,Agrostemma (Corn Cockle),Ocean Pearls,26,2024-04-28,0.68,"Paper pot 6"": 264",2.0,180.0,,
2024-04-03,Vegetables,Lettuce,Summer Crisp,Cherokee,28,2024-05-01,1.09,128 cell flats,1.0,140.0,,
2024-04-03,Vegetables,Lettuce,Little Gem,Newham,28,2024-05-01,1.83,128 cell flats,1.0,234.0,,
2024-04-03,Vegetables,Lettuce,Butterhead,Adriana,28,2024-05-01,1.09,128 cell flats,1.0,140.0,,
2024-04-03,Vegetables,Lettuce,Bibb,Rosaine,28,2024-05-01,1.83,128 cell flats,1.0,234.0,,
2024-04-03,Vegetables,Lettuce,Oakleaf,Panisse,28,2024-05-01,0.7,200 cell flats,1.0,140.0,,
2024-04-03,Spices and Herbs,Anise Hyssop,Anise Hyssop,Anise Hyssop,42,2024-05-15,1.52,128 cell flats,2.0,194.0,,
2024-04-03,Flowers,Gomphrena,Gomphrena (Globe Amaranth),Generic Variety,42,2024-05-15,3.23,128 cell flats,2.0,414.0,,
2024-04-04,Vegetables,Beets,Beets,Red Ace,22,2024-04-26,3.07,"Paper pot 4"": 264",1.0,810.0,,
2024-04-04,Vegetables,Beets,Beets,Boldor,21,2024-04-25,3.07,"Paper pot 4"": 264",1.0,810.0,,
2024-04-04,Vegetables,Beets,Beets,Chioggia Guardsmark,21,2024-04-25,3.07,"Paper pot 4"": 264",1.0,810.0,,
2024-04-05,Flowers,Marigolds,Marigold,Generic Variety,35,2024-05-10,1.45,128 cell flats,2.0,186.0,,
2024-04-05,Flowers,Marigolds,Marigold,Generic Variety,35,2024-05-10,1.45,128 cell flats,2.0,186.0,,
2024-04-05,Flowers,Marigolds,Marigold,Tangerine Gem,35,2024-05-10,3.23,128 cell flats,2.0,414.0,,
2024-04-07,Vegetables,Summer Squash,Zucchini,Dunja,24,2024-05-01,2.02,50 cell flats,1.0,101.0,,
2024-04-07,Vegetables,Summer Squash,Specialty,pantheon,24,2024-05-01,1.86,50 cell flats,1.0,93.0,,
2024-04-07,Vegetables,Summer Squash,Patty Pan,Y-Star,24,2024-05-01,1.24,50 cell flats,1.0,62.0,,
2024-04-07,Vegetables,Summer Squash,Yellow,Zephyr,24,2024-05-01,0.86,72 cell flats,1.0,62.0,,
2024-04-07,Vegetables,Tomatillos,Tomatillos,queen of malinaco,38,2024-05-15,0.35,128 cell flats,0.0,45.0,,
2024-04-07,Vegetables,Tomatoes,Paste,Granadero,45,2024-05-22,0.4,200 cell flats,1.0,79.0,,
2024-04-07,Vegetables,Tomatoes,Paste,Granadero,45,2024-05-22,0.4,200 cell flats,1.0,79.0,,
2024-04-07,Vegetables,Tomatoes,Paste,Granadero,45,2024-05-22,0.4,200 cell flats,1.0,79.0,,
2024-04-08,Vegetables,Cucumbers,Cucumbers,Excelsior,23,2024-05-01,1.39,72 cell flats,1.0,100.0,,
2024-04-08,Vegetables,Cucumbers,Cucumbers,Excelsior,23,2024-05-01,1.39,72 cell flats,1.0,100.0,,
2024-04-08,Flowers,Artemisia,Artemisia,Sweet Annie,42,2024-05-20,1.45,128 cell flats,2.0,186.0,,
2024-04-08,Flowers,Talinum,Talinum (fame flower),Generic Variety,35,2024-05-13,0.32,128 cell flats,2.0,41.0,,
2024-04-08,Flowers,Zinnias,Zinnias,Generic Variety,30,2024-05-08,1.45,128 cell flats,2.0,186.0,,
2024-04-08,Flowers,Zinnias,Zinnias,Generic Variety,30,2024-05-08,1.45,128 cell flats,2.0,186.0,,
2024-04-09,Vegetables,Lettuce: Salad Mix,Lettuce: Salad Mix,SALANOVA (TINY SEED MIX),24,2024-05-03,3.46,200 cell flats,1.0,691.0,,
2024-04-09,Vegetables,Lettuce: Salad Mix,Lettuce: Salad Mix,SALANOVA (TINY SEED MIX),24,2024-05-03,3.46,200 cell flats,1.0,691.0,,
2024-04-09,Vegetables,Lettuce: Salad Mix,Lettuce: Salad Mix,SALANOVA (TINY SEED MIX),24,2024-05-03,3.46,200 cell flats,1.0,691.0,,
2024-04-09,Vegetables,Lettuce: Salad Mix,Lettuce: Salad Mix,SALANOVA (TINY SEED MIX),24,2024-05-03,3.46,200 cell flats,1.0,691.0,,
2024-04-13,Flowers,Sunflower,Single Stem,Generic Variety,16,2024-04-29,3.23,128 cell flats,1.0,414.0,,
2024-04-13,Flowers,Sunflower,Single Stem,Generic Variety,16,2024-04-29,3.23,128 cell flats,1.0,414.0,,
2024-04-14,Vegetables,Lettuce,Summer Crisp,Muir,31,2024-05-15,0.0,,1.0,140.0,,
2024-04-15,Flowers,Centaurea,Centaurea (Bachelor's Button),Generic Variety,33,2024-05-18,0.03,"Paper pot 6"": 264",2.0,7.0,,
2024-04-15,Flowers,Saponaria,Saponaria,Generic Variety,12,2024-04-27,1.02,"Paper pot 4"": 264",1.0,270.0,,
2024-04-15,Flowers,Grasses (Ornamental),Ornamental Grasses,Frosted Explosion,35,2024-05-20,0.73,128 cell flats,2.0,93.0,,
2024-04-15,Flowers,Grasses (Ornamental),Ornamental Grasses,Purple Majesty,35,2024-05-20,1.45,128 cell flats,1.0,186.0,,
2024-04-15,Flowers,Painted Tongue,Salpiglossis (Painted Tongue),Generic Variety,40,2024-05-25,1.3,128 cell flats,2.0,166.0,,
2024-04-16,Vegetables,Fennel,Fennel,Preludio,43,2024-05-29,4.5,72 cell flats,1.0,324.0,,
2024-04-16,Vegetables,Okra,Okra,Jambalaya,31,2024-05-17,2.34,50 cell flats,1.0,117.0,,
2024-04-16,Vegetables,Okra,Okra,Jambalaya,31,2024-05-17,2.34,50 cell flats,1.0,117.0,,
2024-04-16,Vegetables,Okra,Okra,Carmine Splendor,31,2024-05-17,1.63,72 cell flats,0.0,117.0,,
2024-04-17,Vegetables,Lettuce,Summer Crisp,Cherokee,28,2024-05-15,1.09,128 cell flats,1.0,140.0,,
2024-04-17,Vegetables,Lettuce,Little Gem,Newham,28,2024-05-15,1.83,128 cell flats,1.0,234.0,,
2024-04-17,Vegetables,Lettuce,Butterhead,Adriana,28,2024-05-15,1.09,128 cell flats,1.0,140.0,,
2024-04-17,Vegetables,Lettuce,Bibb,Rosaine,28,2024-05-15,1.83,128 cell flats,1.0,234.0,,
2024-04-17,Vegetables,Lettuce,Oakleaf,Panisse,28,2024-05-15,0.7,200 cell flats,1.0,140.0,,
2024-04-17,Vegetables,Basil (Flowers),Basil (Flowers),Generic Variety,49,2024-06-05,0.73,128 cell flats,2.0,93.0,,
2024-04-18,Flowers,Celosia,Celosia,Generic Variety,42,2024-05-30,3.23,128 cell flats,4.0,414.0,,
2024-04-18,Flowers,Celosia,Celosia,Generic Variety,42,2024-05-30,3.23,128 cell flats,4.0,414.0,,
2024-04-19,Spices and Herbs,Shiso,Shiso,Green,35,2024-05-24,3.02,128 cell flats,3.0,386.0,,
2024-04-19,Flowers,Grasses (Ornamental),Ornamental Grasses,Black Tip Wheat,14,2024-05-03,4.09,"Paper pot 2"": 264",2.0,1080.0,,
2024-04-20,Flowers,Amaranthus,Amaranthus,Generic Variety,35,2024-05-25,1.45,128 cell flats,2.0,186.0,,
2024-04-20,Flowers,Amaranthus,Amaranthus,Generic Variety,35,2024-05-25,1.45,128 cell flats,2.0,186.0,,
2024-04-21,Vegetables,Eggplant,European,thanos/gaudi,59,2024-06-19,1.0,128 cell flats,0.0,128.0,,
2024-04-23,Vegetables,Lettuce: Salad Mix,Lettuce: Salad Mix,SALANOVA (TINY SEED MIX),24,2024-05-17,3.46,200 cell flats,1.0,691.0,,
2024-04-23,Vegetables,Lettuce: Salad Mix,Lettuce: Salad Mix,SALANOVA (TINY SEED MIX),24,2024-05-17,3.46,200 cell flats,1.0,691.0,,
2024-04-23,Vegetables,Lettuce: Salad Mix,Lettuce: Salad Mix,SALANOVA (TINY SEED MIX),24,2024-05-17,3.46,200 cell flats,1.0,691.0,,
2024-04-23,Vegetables,Lettuce: Salad Mix,Lettuce: Salad Mix,SALANOVA (TINY SEED MIX),24,2024-05-17,3.46,200 cell flats,1.0,691.0,,
2024-04-24,Vegetables,Corn,Popcorn,Robust 997,12,2024-05-06,1.36,"Paper pot 6"": 264",1.0,360.0,,
2024-04-24,Vegetables,Corn,Popcorn,Robust 997,12,2024-05-06,1.36,"Paper pot 6"": 264",1.0,360.0,,
2024-04-24,Vegetables,Corn,Popcorn,Robust 997,12,2024-05-06,1.36,"Paper pot 6"": 264",1.0,360.0,,
2024-04-24,Vegetables,Corn,Ornamental & Dry,Jerry Petersen Blue,12,2024-05-06,0.82,"Paper pot 6"": 264",1.0,216.0,,
2024-04-24,Vegetables,Corn,Ornamental & Dry,Jerry Petersen Blue,12,2024-05-06,0.82,"Paper pot 6"": 264",1.0,216.0,,
2024-04-24,Vegetables,Corn,Ornamental & Dry,Jerry Petersen Blue,12,2024-05-06,0.82,"Paper pot 6"": 264",1.0,216.0,,
2024-04-24,Vegetables,Corn,Ornamental & Dry,Broom Corn Mix,15,2024-05-09,2.11,128 cell flats,1.0,270.0,,
2024-04-26,Vegetables,Scallions,Onions: Scallions,Evergreen Hardy White,35,2024-05-31,4.09,"Paper pot 4"": 264",4.0,1080.0,,
2024-04-27,Vegetables,Swiss Chard,Swiss Chard,Fordhook Giant,35,2024-06-01,2.42,128 cell flats,1.0,310.0,,
2024-04-27,Flowers,Sunflower,Single Stem,Generic Variety,16,2024-05-13,3.23,128 cell flats,1.0,414.0,,
2024-04-27,Flowers,Sunflower,Single Stem,Generic Variety,16,2024-05-13,3.23,128 cell flats,1.0,414.0,,
2024-04-28,Vegetables,Lettuce,Summer Crisp,Muir,31,2024-05-29,0.0,,1.0,140.0,,
2024-04-28,Vegetables,Eggplant,European,thanos/gaudi,59,2024-06-26,1.0,128 cell flats,0.0,128.0,,
2024-04-29,Flowers,Zinnias,Zinnias,Generic Variety,30,2024-05-29,1.45,128 cell flats,2.0,186.0,,
2024-04-29,Flowers,Zinnias,Zinnias,Generic Variety,30,2024-05-29,1.45,128 cell flats,2.0,186.0,,
2024-04-29,Vegetables,Corn,Ornamental & Dry,Broom Corn Mix,15,2024-05-14,1.02,"Paper pot 6"": 264",1.0,270.0,,
2024-04-29,Flowers,Grasses (Ornamental),Ornamental Grasses,Frosted Explosion,35,2024-06-03,0.73,128 cell flats,2.0,93.0,,
2024-04-30,Vegetables,Cucumbers,Cucumbers,Excelsior,23,2024-05-23,1.39,72 cell flats,1.0,100.0,,
2024-04-30,Vegetables,Cucumbers,Cucumbers,Excelsior,23,2024-05-23,1.39,72 cell flats,1.0,100.0,,
2024-04-30,Vegetables,Cucumbers,Cucumbers,Excelsior,23,2024-05-23,1.39,72 cell flats,1.0,100.0,,
2024-04-30,Vegetables,Watermelons,Large,Dark Belle,22,2024-05-22,1.2,50 cell flats,1.0,60.0,,
2024-04-30,Vegetables,Watermelons,Large,Dark Belle,22,2024-05-22,1.2,50 cell flats,1.0,60.0,,
2024-04-30,Vegetables,Tomatoes,Slicer,BHN-589,45,2024-06-14,0.3,200 cell flats,1.0,59.0,,
2024-04-30,Vegetables,Tomatoes,Slicer,BHN-589,45,2024-06-14,0.3,200 cell flats,1.0,59.0,,
2024-04-30,Vegetables,Tomatoes,Slicer,Chef's Choice Orange,45,2024-06-14,0.33,200 cell flats,1.0,66.0,,
2024-04-30,Flowers,Cosmos,Cosmos,Generic Variety,35,2024-06-04,1.45,128 cell flats,2.0,186.0,,
2024-04-30,Flowers,Cosmos,Cosmos,Generic Variety,35,2024-06-04,1.45,128 cell flats,2.0,186.0,,
2024-05-01,Spices and Herbs,Basil,Basil,prospera,45,2024-06-15,4.68,200 cell flats,4.0,936.0,,
2024-05-01,Vegetables,Lettuce,Summer Crisp,Cherokee,28,2024-05-29,1.09,128 cell flats,1.0,140.0,,
2024-05-01,Vegetables,Lettuce,Little Gem,Newham,28,2024-05-29,1.83,128 cell flats,1.0,234.0,,
2024-05-02,Vegetables,Beets,Beets,Red Ace,22,2024-05-24,3.07,"Paper pot 4"": 264",1.0,810.0,,
2024-05-02,Vegetables,Beets,Beets,Boldor,21,2024-05-23,3.07,"Paper pot 4"": 264",1.0,810.0,,
2024-05-02,Vegetables,Beets,Beets,Chioggia Guardsmark,21,2024-05-23,3.07,"Paper pot 4"": 264",1.0,810.0,,
2024-05-05,Vegetables,Summer Squash,Zucchini,Dunja,24,2024-05-29,2.02,50 cell flats,1.0,101.0,,
2024-05-05,Vegetables,Summer Squash,Specialty,pantheon,24,2024-05-29,1.86,50 cell flats,1.0,93.0,,
2024-05-05,Vegetables,Summer Squash,Patty Pan,Y-Star,24,2024-05-29,1.24,50 cell flats,1.0,62.0,,
2024-05-05,Vegetables,Summer Squash,Yellow,Zephyr,24,2024-05-29,0.86,72 cell flats,1.0,62.0,,
2024-05-05,Flowers,Marigolds,Marigold,Generic Variety,35,2024-06-09,1.45,128 cell flats,2.0,186.0,,
2024-05-07,Vegetables,Fennel,Fennel,Preludio,43,2024-06-19,4.5,72 cell flats,1.0,324.0,,
2024-05-07,Vegetables,Lettuce: Salad Mix,Lettuce: Salad Mix,SALANOVA (TINY SEED MIX),24,2024-05-31,3.46,200 cell flats,1.0,691.0,,
2024-05-07,Vegetables,Lettuce: Salad Mix,Lettuce: Salad Mix,SALANOVA (TINY SEED MIX),24,2024-05-31,3.46,200 cell flats,1.0,691.0,,
2024-05-07,Vegetables,Lettuce: Salad Mix,Lettuce: Salad Mix,SALANOVA (TINY SEED MIX),24,2024-05-31,3.46,200 cell flats,1.0,691.0,,
2024-05-07,Vegetables,Lettuce: Salad Mix,Lettuce: Salad Mix,SALANOVA (TINY SEED MIX),24,2024-05-31,3.46,200 cell flats,1.0,691.0,,
2024-05-10,Spices and Herbs,Shiso,Shiso,Green,35,2024-06-14,3.02,128 cell flats,3.0,386.0,,
2024-05-11,Flowers,Amaranthus,Amaranthus,Generic Variety,35,2024-06-15,1.45,128 cell flats,2.0,186.0,,
2024-05-11,Flowers,Sunflower,Single Stem,Generic Variety,16,2024-05-27,3.23,128 cell flats,1.0,414.0,,
2024-05-11,Flowers,Sunflower,Single Stem,Generic Variety,16,2024-05-27,3.23,128 cell flats,1.0,414.0,,
2024-05-11,Flowers,Sunflower,Single Stem,royal hybrid,16,2024-05-27,1.45,128 cell flats,1.0,186.0,,
2024-05-12,Vegetables,Lettuce,Summer Crisp,Muir,31,2024-06-12,0.0,,1.0,140.0,,
2024-05-13,Vegetables,Corn,Ornamental & Dry,Broom Corn Mix,15,2024-05-28,1.02,"Paper pot 6"": 264",1.0,270.0,,
2024-05-14,Vegetables,Winter Squash,Winter Squash,Pinnacle,24,2024-06-07,3.6,50 cell flats,1.0,180.0,,
2024-05-14,Vegetables,Winter Squash,Winter Squash,Sunshine,24,2024-06-07,3.75,50 cell flats,1.0,187.5,,
2024-05-14,Vegetables,Winter Squash,Winter Squash,Delicata JS,24,2024-06-07,3.6,50 cell flats,1.0,180.0,,
2024-05-14,Vegetables,Pumpkins,Specialty,Black Futsu,24,2024-06-07,2.5,50 cell flats,1.0,125.0,,
2024-05-14,Vegetables,Winter Squash,Winter Squash,Honeynut,24,2024-06-07,3.6,50 cell flats,1.0,180.0,,
2024-05-14,Vegetables,Pumpkins,Pie,New England Pie,24,2024-06-07,3.0,50 cell flats,1.0,150.0,,
2024-05-14,Vegetables,Winter Squash,Winter Squash,Winter Sweet,24,2024-06-07,3.6,50 cell flats,1.0,180.0,,
2024-05-14,Vegetables,Winter Squash,Winter Squash,Honey Bear,24,2024-06-07,3.6,50 cell flats,1.0,180.0,,
2024-05-14,Vegetables,Winter Squash,Winter Squash,Butterscotch PMR,24,2024-06-07,3.6,50 cell flats,1.0,180.0,,
2024-05-14,Vegetables,Pumpkins,Medium,Long Island Cheese,24,2024-06-07,2.62,50 cell flats,1.0,131.0,,
2024-05-15,Vegetables,Brussels Sprouts,Brussels Sprouts,Diablo,29,2024-06-13,0.94,128 cell flats,1.0,120.0,,
2024-05-15,Vegetables,Brussels Sprouts,Brussels Sprouts,Diablo,31,2024-06-15,0.94,128 cell flats,1.0,120.0,,
2024-05-15,Vegetables,Brussels Sprouts,Brussels Sprouts,Diablo,31,2024-06-15,0.94,128 cell flats,1.0,120.0,,
2024-05-15,Vegetables,Brussels Sprouts,Brussels Sprouts,Diablo,31,2024-06-15,0.94,128 cell flats,1.0,120.0,,
2024-05-15,Vegetables,Lettuce,Summer Crisp,Cherokee,28,2024-06-12,1.09,128 cell flats,1.0,140.0,,
2024-05-15,Vegetables,Lettuce,Little Gem,Newham,28,2024-06-12,1.83,128 cell flats,1.0,234.0,,
2024-05-15,Spices and Herbs,Parsley,Parsley,Peione Flat,42,2024-06-26,2.45,"Paper pot 6"": 264",,648.0,,
2024-05-15,Spices and Herbs,Parsley,Parsley,Peione Flat,42,2024-06-26,2.45,"Paper pot 6"": 264",,648.0,,
2024-05-15,Spices and Herbs,Parsley,Parsley,Peione Flat,42,2024-06-26,2.45,"Paper pot 6"": 264",,648.0,,
2024-05-15,Vegetables,Winter Squash,Winter Squash,Zuccuri 9,24,2024-06-08,3.6,50 cell flats,1.0,180.0,,
2024-05-16,Vegetables,Cucumbers,Cucumbers,Corinto,20,2024-06-05,1.1,72 cell flats,1.0,79.0,,
2024-05-16,Vegetables,Cucumbers,Cucumbers,Corinto,20,2024-06-05,1.1,72 cell flats,1.0,79.0,,
2024-05-16,Vegetables,Cucumbers,Cucumbers,Corinto,20,2024-06-05,1.1,72 cell flats,1.0,79.0,,
2024-05-16,Vegetables,Celery,Celery,kelvin,70,2024-07-25,2.11,200 cell flats,1.0,421.0,,
2024-05-16,Vegetables,Celery,Celery,kelvin,70,2024-07-25,2.11,200 cell flats,1.0,421.0,,
2024-05-16,Vegetables,Peanuts,Peanuts,Tennessee Red,21,2024-06-06,5.0,72 cell flats,1.0,360.0,,
2024-05-16,Vegetables,Peanuts,Peanuts,Tennessee Red,21,2024-06-06,5.0,72 cell flats,1.0,360.0,,
2024-05-20,Flowers,Zinnias,Zinnias,Generic Variety,30,2024-06-19,1.45,128 cell flats,2.0,186.0,,
2024-05-20,Flowers,Zinnias,Zinnias,Generic Variety,30,2024-06-19,1.45,128 cell flats,2.0,186.0,,
2024-05-21,Vegetables,Lettuce: Salad Mix,Lettuce: Salad Mix,SALANOVA (TINY SEED MIX),24,2024-06-14,3.46,200 cell flats,1.0,691.0,,
2024-05-21,Vegetables,Lettuce: Salad Mix,Lettuce: Salad Mix,SALANOVA (TINY SEED MIX),24,2024-06-14,3.46,200 cell flats,1.0,691.0,,
2024-05-21,Vegetables,Lettuce: Salad Mix,Lettuce: Salad Mix,SALANOVA (TINY SEED MIX),24,2024-06-14,3.46,200 cell flats,1.0,691.0,,
2024-05-21,Vegetables,Lettuce: Salad Mix,Lettuce: Salad Mix,SALANOVA (TINY SEED MIX),24,2024-06-14,3.46,200 cell flats,1.0,691.0,,
2024-05-21,Vegetables,Lettuce: Salad Mix,Lettuce: Salad Mix,SALANOVA (TINY SEED MIX),24,2024-06-14,3.46,200 cell flats,1.0,691.0,,
2024-05-22,Vegetables,Scallions,Onions: Scallions,Evergreen Hardy White,35,2024-06-26,4.09,"Paper pot 4"": 264",4.0,1080.0,,
2024-05-25,Flowers,Sunflower,Single Stem,Generic Variety,16,2024-06-10,3.23,128 cell flats,1.0,414.0,,
2024-05-25,Flowers,Sunflower,Single Stem,Generic Variety,16,2024-06-10,3.23,128 cell flats,1.0,414.0,,
2024-05-26,Vegetables,Lettuce,Summer Crisp,Muir,31,2024-06-26,0.0,,1.0,140.0,,
2024-05-26,Vegetables,Melons,Melons,Sugar Cube,16,2024-06-11,3.5,50 cell flats,2.0,175.0,,
2024-05-28,Vegetables,Fennel,Fennel,Preludio,43,2024-07-10,4.5,72 cell flats,1.0,324.0,,
2024-05-29,Vegetables,Lettuce,Summer Crisp,Cherokee,28,2024-06-26,1.09,128 cell flats,1.0,140.0,,
2024-05-29,Vegetables,Lettuce,Little Gem,Newham,28,2024-06-26,1.83,128 cell flats,1.0,234.0,,
2024-05-30,Vegetables,Beets,Beets,Boldor,21,2024-06-20,3.07,"Paper pot 4"": 264",1.0,810.0,,
2024-05-30,Vegetables,Beets,Beets,Chioggia Guardsmark,21,2024-06-20,3.07,"Paper pot 4"": 264",1.0,810.0,,
2024-06-01,Spices and Herbs,Basil,Basil,prospera,45,2024-07-16,4.68,200 cell flats,4.0,936.0,,
2024-06-01,Spices and Herbs,Basil,Basil,prospera,45,2024-07-16,2.05,"Paper pot 6"": 264",4.0,540.0,,
2024-06-01,Vegetables,Beets,Beets,Red Ace,22,2024-06-23,3.07,"Paper pot 4"": 264",1.0,810.0,,
2024-06-01,Vegetables,Broccoli,Heading,Gypsy,35,2024-07-06,2.31,72 cell flats,1.0,166.0,,
2024-06-01,Vegetables,Broccoli,Raab & Broccolini,BC1611,35,2024-07-06,2.43,128 cell flats,1.0,311.0,,
2024-06-01,Vegetables,Broccoli,Raab & Broccolini,Happy Rich,38,2024-07-09,2.11,128 cell flats,0.0,270.0,,
2024-06-01,Vegetables,Broccoli,Heading,Apollo,35,2024-07-06,2.43,128 cell flats,1.0,311.0,,
2024-06-02,Vegetables,Cabbage,Cabbage,Farao,38,2024-07-10,2.6,72 cell flats,0.0,187.0,,
2024-06-02,Vegetables,Summer Squash,Zucchini,Dunja,24,2024-06-26,2.02,50 cell flats,1.0,101.0,,
2024-06-02,Vegetables,Summer Squash,Specialty,pantheon,24,2024-06-26,1.86,50 cell flats,1.0,93.0,,
2024-06-02,Vegetables,Summer Squash,Patty Pan,Y-Star,24,2024-06-26,1.24,50 cell flats,1.0,62.0,,
2024-06-02,Vegetables,Summer Squash,Yellow,Zephyr,24,2024-06-26,0.86,72 cell flats,1.0,62.0,,
2024-06-02,Vegetables,Cabbage,Cabbage,Clarissa,38,2024-07-10,5.78,72 cell flats,0.0,416.0,,
2024-06-02,Vegetables,Cabbage,Cabbage,Storage No. 4,38,2024-07-10,8.67,72 cell flats,1.0,624.0,,
2024-06-02,Vegetables,Cabbage,Cabbage,Buscaro,38,2024-07-10,5.78,72 cell flats,1.0,416.0,,
2024-06-04,Vegetables,Lettuce: Salad Mix,Lettuce: Salad Mix,SALANOVA (TINY SEED MIX),24,2024-06-28,3.46,200 cell flats,1.0,691.0,,
2024-06-04,Vegetables,Lettuce: Salad Mix,Lettuce: Salad Mix,SALANOVA (TINY SEED MIX),24,2024-06-28,3.46,200 cell flats,1.0,691.0,,
2024-06-04,Vegetables,Lettuce: Salad Mix,Lettuce: Salad Mix,SALANOVA (TINY SEED MIX),24,2024-06-28,3.46,200 cell flats,1.0,691.0,,
2024-06-04,Vegetables,Lettuce: Salad Mix,Lettuce: Salad Mix,SALANOVA (TINY SEED MIX),24,2024-06-28,3.46,200 cell flats,1.0,691.0,,
2024-06-04,Vegetables,Lettuce: Salad Mix,Lettuce: Salad Mix,SALANOVA (TINY SEED MIX),24,2024-06-28,3.46,200 cell flats,1.0,691.0,,
2024-06-05,Vegetables,Cauliflower,Cauliflower,TSJ-65,35,2024-07-10,2.5,72 cell flats,1.0,180.0,,
2024-06-05,Vegetables,Cauliflower,Cauliflower,Fioretto-70,35,2024-07-10,2.6,72 cell flats,1.0,187.0,,
2024-06-05,Vegetables,Cauliflower,Cauliflower,Fioretto-70,35,2024-07-10,2.6,72 cell flats,1.0,187.0,,
2024-06-05,Vegetables,Collard Greens,Collards,Flash,35,2024-07-10,1.46,128 cell flats,1.0,187.0,,
2024-06-05,Vegetables,Collard Greens,Collards,Flash,35,2024-07-10,1.46,128 cell flats,1.0,187.0,,
2024-06-05,Vegetables,Dandelions,Italian,Clio,35,2024-07-10,0.0,200 cell flats,3.0,0.0,,
2024-06-05,Vegetables,Dandelions,Italian,Clio,35,2024-07-10,0.0,200 cell flats,3.0,0.0,,
2024-06-05,Vegetables,Cauliflower,Cauliflower,Murasaki Fioretto,35,2024-07-10,2.6,72 cell flats,1.0,187.0,,
2024-06-05,Vegetables,Celery,Celery,kelvin,70,2024-08-14,2.11,200 cell flats,1.0,421.0,,
2024-06-05,Vegetables,Broccoli,Heading,Romanesco,35,2024-07-10,4.63,72 cell flats,1.0,333.0,,
2024-06-05,Vegetables,Cauliflower,Cauliflower,Murasaki Fioretto,35,2024-07-10,2.6,72 cell flats,1.0,187.0,,
2024-06-06,Vegetables,Cabbage,Cabbage,Famosa,34,2024-07-10,2.5,72 cell flats,1.0,180.0,,
2024-06-06,Vegetables,Kohlrabi,Kohlrabi,Kossak,34,2024-07-10,0.0,,1.0,405.0,,
2024-06-06,Vegetables,Kohlrabi,Kohlrabi,Kossak,34,2024-07-10,0.0,,1.0,405.0,,
2024-06-06,Vegetables,Kohlrabi,Kohlrabi,Terek,34,2024-07-10,5.63,128 cell flats,1.0,720.0,,
2024-06-06,Vegetables,Cabbage,Cabbage,Ruby Perfection,35,2024-07-11,5.28,72 cell flats,1.0,380.0,,
2024-06-07,Vegetables,Radicchio,Radicchio,Indigo,40,2024-07-17,2.64,128 cell flats,1.0,338.0,,
2024-06-07,Vegetables,Radicchio,Radicchio,Indigo,40,2024-07-17,2.64,128 cell flats,1.0,338.0,,
2024-06-08,Vegetables,Kale,Kale,Winterbor,35,2024-07-13,0.0,,1.0,144.0,,
2024-06-08,Vegetables,Kale,Kale,Winterbor,35,2024-07-13,0.0,,1.0,144.0,,
2024-06-08,Vegetables,Kale,Kale,Winterbor,35,2024-07-13,0.0,,1.0,144.0,,
2024-06-08,Flowers,Sunflower,Single Stem,Generic Variety,16,2024-06-24,3.23,128 cell flats,1.0,414.0,,
2024-06-08,Flowers,Sunflower,Single Stem,Generic Variety,16,2024-06-24,3.23,128 cell flats,1.0,414.0,,
2024-06-08,Flowers,Sunflower,Single Stem,royal hybrid,16,2024-06-24,1.45,128 cell flats,1.0,186.0,,
2024-06-09,Vegetables,Lettuce,Summer Crisp,Muir,31,2024-07-10,0.0,,1.0,140.0,,
2024-06-10,Vegetables,Cabbage: Chinese (Napa),Cabbage: Chinese (Napa),Minuet,30,2024-07-10,3.25,72 cell flats,1.0,234.0,,
2024-06-10,Vegetables,Frisee,Frisee,benefine,35,2024-07-15,0.0,200 cell flats,1.0,0.0,,
2024-06-10,Vegetables,Kale,Kale,Black Magic,33,2024-07-13,3.25,72 cell flats,1.0,234.0,,
2024-06-10,Vegetables,Kale,Kale,Black Magic,33,2024-07-13,3.25,72 cell flats,1.0,234.0,,
2024-06-10,Vegetables,Kale,Kale,Black Magic,33,2024-07-13,3.25,72 cell flats,1.0,234.0,,
2024-06-12,Vegetables,Radicchio,Radicchio,yellowstone,35,2024-07-17,2.64,128 cell flats,1.0,338.0,,
2024-06-12,Vegetables,Radicchio,Radicchio,Bandarossa,35,2024-07-17,2.64,128 cell flats,1.0,338.0,,
2024-06-12,Vegetables,Radicchio,Radicchio,rosalba,35,2024-07-17,2.64,128 cell flats,1.0,338.0,,
2024-06-12,Vegetables,Radicchio,Radicchio,verosa,35,2024-07-17,2.64,128 cell flats,1.0,338.0,,
2024-06-12,Vegetables,Radicchio,Radicchio,verosa,35,2024-07-17,2.64,128 cell flats,1.0,338.0,,
2024-06-12,Vegetables,Lettuce,Summer Crisp,Cherokee,28,2024-07-10,1.09,128 cell flats,1.0,140.0,,
2024-06-12,Vegetables,Lettuce,Little Gem,Newham,28,2024-07-10,1.83,128 cell flats,1.0,234.0,,
2024-06-14,Vegetables,Scallions,Onions: Scallions,Evergreen Hardy White,35,2024-07-19,4.09,"Paper pot 4"": 264",4.0,1080.0,,
2024-06-15,Vegetables,Broccoli,Heading,Gypsy,35,2024-07-20,2.31,72 cell flats,1.0,166.0,,
2024-06-15,Vegetables,Broccoli,Heading,Marathon,35,2024-07-20,2.31,72 cell flats,1.0,166.0,,
2024-06-15,Vegetables,Broccoli,Heading,Marathon,35,2024-07-20,2.31,72 cell flats,1.0,166.0,,
2024-06-16,Vegetables,Rutabagas,Rutabaga,Helenor,24,2024-07-10,12.19,128 cell flats,1.0,1560.0,,
2024-06-16,Vegetables,Rutabagas,Rutabaga,Gilfeather Turnip,24,2024-07-10,12.19,128 cell flats,1.0,1560.0,,
2024-06-18,Vegetables,Lettuce: Salad Mix,Lettuce: Salad Mix,SALANOVA (TINY SEED MIX),24,2024-07-12,3.46,200 cell flats,1.0,691.0,,
2024-06-18,Vegetables,Lettuce: Salad Mix,Lettuce: Salad Mix,SALANOVA (TINY SEED MIX),24,2024-07-12,3.46,200 cell flats,1.0,691.0,,
2024-06-18,Vegetables,Lettuce: Salad Mix,Lettuce: Salad Mix,SALANOVA (TINY SEED MIX),24,2024-07-12,3.46,200 cell flats,1.0,691.0,,
2024-06-18,Vegetables,Lettuce: Salad Mix,Lettuce: Salad Mix,SALANOVA (TINY SEED MIX),24,2024-07-12,3.46,200 cell flats,1.0,691.0,,
2024-06-19,Vegetables,Cauliflower,Cauliflower,Fioretto-70,35,2024-07-24,2.6,72 cell flats,1.0,187.0,,
2024-06-19,Vegetables,Cauliflower,Cauliflower,Fioretto-70,35,2024-07-24,2.6,72 cell flats,1.0,187.0,,
2024-06-19,Vegetables,Swiss Chard,Swiss Chard,Fordhook Giant,35,2024-07-24,2.42,128 cell flats,1.0,310.0,,
2024-06-19,Vegetables,Swiss Chard,Swiss Chard,Bright Lights,35,2024-07-24,2.74,128 cell flats,2.0,351.0,,
2024-06-19,Vegetables,Cauliflower,Cauliflower,Murasaki Fioretto,35,2024-07-24,2.6,72 cell flats,1.0,187.0,,
2024-06-20,Vegetables,Cucumbers,Cucumbers,Corinto,20,2024-07-10,1.1,72 cell flats,1.0,79.0,,
2024-06-20,Vegetables,Cucumbers,Cucumbers,Corinto,20,2024-07-10,1.1,72 cell flats,1.0,79.0,,
2024-06-20,Flowers,Bells of Ireland,Bells of Ireland,Generic Variety,80,2024-09-08,1.45,128 cell flats,2.0,186.0,,
2024-06-22,Vegetables,Radicchio,Radicchio,Indigo,40,2024-08-01,2.64,128 cell flats,1.0,338.0,,
2024-06-22,Vegetables,Radicchio,Radicchio,Indigo,40,2024-08-01,2.64,128 cell flats,1.0,338.0,,
2024-06-22,Flowers,Sunflower,Single Stem,Generic Variety,16,2024-07-08,3.23,128 cell flats,1.0,414.0,,
2024-06-22,Flowers,Sunflower,Single Stem,Generic Variety,16,2024-07-08,3.23,128 cell flats,1.0,414.0,,
2024-06-22,Flowers,Sunflower,Single Stem,royal hybrid,16,2024-07-08,1.45,128 cell flats,1.0,186.0,,
2024-06-23,Vegetables,Lettuce,Summer Crisp,Muir,31,2024-07-24,0.0,,1.0,140.0,,
2024-06-24,Vegetables,Cabbage: Chinese (Napa),Cabbage: Chinese (Napa),Minuet,30,2024-07-24,3.25,72 cell flats,1.0,234.0,,
2024-06-24,Vegetables,Cabbage: Chinese (Napa),Cabbage: Chinese (Napa),Minuet,30,2024-07-24,3.25,72 cell flats,1.0,234.0,,
2024-06-26,Vegetables,Cauliflower,Cauliflower,TSJ-65,35,2024-07-31,2.5,72 cell flats,1.0,180.0,,
2024-06-26,Vegetables,Fennel,Fennel,Preludio,43,2024-08-08,4.5,72 cell flats,1.0,324.0,,
2024-06-26,Vegetables,Fennel,Fennel,Preludio,43,2024-08-08,4.5,72 cell flats,1.0,324.0,,
2024-06-26,Vegetables,Fennel,Fennel,Preludio,43,2024-08-08,4.5,72 cell flats,1.0,324.0,,
2024-06-26,Vegetables,Radicchio,Radicchio,sile tardivo,35,2024-07-31,2.64,128 cell flats,1.0,338.0,,
2024-06-26,Vegetables,Radicchio,Radicchio,sile tardivo,35,2024-07-31,2.64,128 cell flats,1.0,338.0,,
2024-06-26,Vegetables,Radicchio,Radicchio,Lucrezia (Castelfranco),35,2024-07-31,2.64,128 cell flats,1.0,338.0,,
2024-06-26,Vegetables,Radicchio,Radicchio,fonte,35,2024-07-31,2.64,128 cell flats,1.0,338.0,,
2024-06-26,Vegetables,Lettuce,Summer Crisp,Cherokee,28,2024-07-24,1.09,128 cell flats,1.0,140.0,,
2024-06-26,Vegetables,Lettuce,Little Gem,Newham,28,2024-07-24,1.83,128 cell flats,1.0,234.0,,
2024-06-26,Vegetables,Lettuce,Butterhead,Adriana,28,2024-07-24,0.0,128 cell flats,1.0,0.0,,
2024-06-26,Vegetables,Lettuce,Bibb,Rosaine,28,2024-07-24,1.83,128 cell flats,1.0,234.0,,
2024-06-27,Vegetables,Cucumbers,Cucumbers,Gershwin,20,2024-07-17,1.38,72 cell flats,1.0,99.0,,
2024-06-27,Vegetables,Cucumbers,Cucumbers,Gershwin,20,2024-07-17,1.38,72 cell flats,1.0,99.0,,
2024-06-28,Flowers,Rudbeckia,Rudbeckia (Black-Eyed Susan),Generic Variety,47,2024-08-14,1.45,128 cell flats,2.0,186.0,,
2024-06-30,Vegetables,Summer Squash,Zucchini,Dunja,24,2024-07-24,2.02,50 cell flats,1.0,101.0,,
2024-06-30,Vegetables,Summer Squash,Specialty,pantheon,24,2024-07-24,1.86,50 cell flats,1.0,93.0,,
2024-06-30,Vegetables,Summer Squash,Patty Pan,Y-Star,24,2024-07-24,1.24,50 cell flats,1.0,62.0,,
2024-06-30,Vegetables,Summer Squash,Yellow,Zephyr,24,2024-07-24,0.86,72 cell flats,1.0,62.0,,
2024-06-30,Vegetables,Escarole,Escarole,Natacha,28,2024-07-28,2.11,128 cell flats,1.0,270.0,,
2024-07-01,Vegetables,Broccoli,Raab & Broccolini,BC1611,35,2024-08-05,2.43,128 cell flats,1.0,311.0,,
2024-07-01,Vegetables,Broccoli,Raab & Broccolini,Happy Rich,38,2024-08-08,2.11,128 cell flats,0.0,270.0,,
2024-07-01,Vegetables,Broccoli,Heading,Apollo,35,2024-08-05,2.43,128 cell flats,1.0,311.0,,
2024-07-01,Vegetables,Frisee,Frisee,benefine,35,2024-08-05,0.0,200 cell flats,1.0,0.0,,
2024-07-01,Vegetables,Mustard,Mustard,Kekkyu Takana,21,2024-07-22,2.53,128 cell flats,1.0,324.0,,
2024-07-01,Vegetables,Celtuce,Celtuce,Generic Variety,28,2024-07-29,4.5,128 cell flats,1.0,576.0,,
2024-07-02,Vegetables,Lettuce: Salad Mix,Lettuce: Salad Mix,SALANOVA (TINY SEED MIX),24,2024-07-26,3.46,200 cell flats,1.0,691.0,,
2024-07-02,Vegetables,Lettuce: Salad Mix,Lettuce: Salad Mix,SALANOVA (TINY SEED MIX),24,2024-07-26,3.46,200 cell flats,1.0,691.0,,
2024-07-02,Vegetables,Lettuce: Salad Mix,Lettuce: Salad Mix,SALANOVA (TINY SEED MIX),24,2024-07-26,3.46,200 cell flats,1.0,691.0,,
2024-07-02,Vegetables,Lettuce: Salad Mix,Lettuce: Salad Mix,SALANOVA (TINY SEED MIX),24,2024-07-26,3.46,200 cell flats,1.0,691.0,,
2024-07-05,Vegetables,Kohlrabi,Kohlrabi,Terek,34,2024-08-08,5.63,128 cell flats,1.0,720.0,,
2024-07-05,Vegetables,Kohlrabi,Kohlrabi,Terek,34,2024-08-08,5.63,128 cell flats,1.0,720.0,,
2024-07-05,Vegetables,Kohlrabi,Kohlrabi,Terek,34,2024-08-08,5.63,128 cell flats,1.0,720.0,,
2024-07-07,Vegetables,Lettuce,Summer Crisp,Muir,31,2024-08-07,0.0,,1.0,140.0,,
2024-07-08,Vegetables,Mustard,Mustard,Green Wave,24,2024-08-01,2.53,128 cell flats,3.0,324.0,,
2024-07-09,Vegetables,Bok Choy,Pac Choi (Bok Choy),Mei Qing Choi,28,2024-08-06,3.98,128 cell flats,1.0,510.0,,
2024-07-10,Vegetables,Lettuce,Summer Crisp,Cherokee,28,2024-08-07,1.09,128 cell flats,1.0,140.0,,
2024-07-10,Vegetables,Lettuce,Little Gem,Newham,28,2024-08-07,1.83,128 cell flats,1.0,234.0,,
2024-07-10,Vegetables,Lettuce,Butterhead,Adriana,28,2024-08-07,0.0,128 cell flats,1.0,0.0,,
2024-07-10,Vegetables,Lettuce,Bibb,Rosaine,28,2024-08-07,1.83,128 cell flats,1.0,234.0,,
2024-07-11,Vegetables,Scallions,Onions: Scallions,Evergreen Hardy White,35,2024-08-15,3.07,"Paper pot 4"": 264",4.0,810.0,,
2024-07-11,Spices and Herbs,Parsley,Parsley,Peione Flat,42,2024-08-22,2.45,"Paper pot 6"": 264",0.0,648.0,,
2024-07-11,Spices and Herbs,Parsley,Parsley,Peione Flat,42,2024-08-22,2.45,"Paper pot 6"": 264",0.0,648.0,,
2024-07-14,Vegetables,Celtuce,Celtuce,Generic Variety,28,2024-08-11,4.5,128 cell flats,1.0,576.0,,
2024-07-14,Vegetables,Celtuce,Celtuce,Generic Variety,28,2024-08-11,4.5,128 cell flats,1.0,576.0,,
2024-07-15,Vegetables,Escarole,Escarole,Natacha,28,2024-08-12,2.11,128 cell flats,1.0,270.0,,
2024-07-15,Vegetables,Escarole,Escarole,Natacha,28,2024-08-12,2.11,128 cell flats,1.0,270.0,,
2024-07-16,Vegetables,Lettuce: Salad Mix,Lettuce: Salad Mix,SALANOVA (TINY SEED MIX),24,2024-08-09,3.46,200 cell flats,1.0,691.0,,
2024-07-16,Vegetables,Lettuce: Salad Mix,Lettuce: Salad Mix,SALANOVA (TINY SEED MIX),24,2024-08-09,3.46,200 cell flats,1.0,691.0,,
2024-07-16,Vegetables,Lettuce: Salad Mix,Lettuce: Salad Mix,SALANOVA (TINY SEED MIX),24,2024-08-09,3.46,200 cell flats,1.0,691.0,,
2024-07-16,Vegetables,Lettuce: Salad Mix,Lettuce: Salad Mix,SALANOVA (TINY SEED MIX),24,2024-08-09,3.46,200 cell flats,1.0,691.0,,
2024-07-16,Flowers,Campanula,Campanula Medium,Generic Variety,50,2024-09-04,2.59,128 cell flats,1.0,331.0,,
2024-07-18,Vegetables,Turnips,Turnips,Hakurei,14,2024-08-01,3.07,"Paper pot 4"": 264",3.0,810.0,,
2024-07-19,Vegetables,Broccoli,Raab & Broccolini,spring raab,16,2024-08-04,3.07,"Paper pot 4"": 264",3.0,810.0,,
2024-07-19,Vegetables,Broccoli,Raab & Broccolini,spring raab,16,2024-08-04,3.07,"Paper pot 4"": 264",3.0,810.0,,
2024-07-21,Vegetables,Lettuce,Summer Crisp,Muir,31,2024-08-21,0.0,,1.0,140.0,,
2024-07-22,Vegetables,Frisee,Frisee,benefine,35,2024-08-26,0.0,200 cell flats,1.0,0.0,,
2024-07-22,Vegetables,Frisee,Frisee,benefine,35,2024-08-26,0.0,200 cell flats,1.0,0.0,,
2024-07-24,Vegetables,Bok Choy,Pac Choi (Bok Choy),Li Ren Choi,28,2024-08-21,0.0,128 cell flats,1.0,0.0,,
2024-07-24,Vegetables,Lettuce,Summer Crisp,Cherokee,28,2024-08-21,1.09,128 cell flats,1.0,140.0,,
2024-07-24,Vegetables,Lettuce,Little Gem,Newham,28,2024-08-21,1.83,128 cell flats,1.0,234.0,,
2024-07-24,Vegetables,Lettuce,Butterhead,Adriana,28,2024-08-21,0.0,128 cell flats,1.0,0.0,,
2024-07-24,Vegetables,Lettuce,Bibb,Rosaine,28,2024-08-21,1.83,128 cell flats,1.0,234.0,,
2024-07-29,Vegetables,Lettuce: Salad Mix,Lettuce: Salad Mix,SALANOVA (TINY SEED MIX),24,2024-08-22,3.46,200 cell flats,1.0,691.0,,
2024-07-29,Vegetables,Lettuce: Salad Mix,Lettuce: Salad Mix,SALANOVA (TINY SEED MIX),24,2024-08-22,3.46,200 cell flats,1.0,691.0,,
2024-07-29,Vegetables,Lettuce: Salad Mix,Lettuce: Salad Mix,SALANOVA (TINY SEED MIX),24,2024-08-22,3.46,200 cell flats,1.0,691.0,,
2024-07-29,Vegetables,Lettuce: Salad Mix,Lettuce: Salad Mix,SALANOVA (TINY SEED MIX),24,2024-08-22,3.46,200 cell flats,1.0,691.0,,
2024-07-29,Flowers,Ammi,Ammi (False Queen Anne's Lace),1/2 reg and 1/2 dara,38,2024-09-05,2.59,128 cell flats,3.0,331.0,,
2024-07-30,Vegetables,Bok Choy,Pac Choi (Bok Choy),Mei Qing Choi,28,2024-08-27,3.98,128 cell flats,1.0,510.0,,
2024-07-31,Vegetables,Kale,Kale,Winterbor,42,2024-09-11,5.4,50 cell flats,1.0,270.0,,
2024-07-31,Vegetables,Kale,Kale,Winterbor,42,2024-09-11,5.4,50 cell flats,1.0,270.0,,
2024-07-31,Vegetables,Kale,Kale,Winterbor,42,2024-09-11,5.4,50 cell flats,1.0,270.0,,
2024-07-31,Vegetables,Kale,Kale,Winterbor,42,2024-09-11,5.4,50 cell flats,1.0,270.0,,
2024-08-01,Vegetables,Onions,Yellow,Bridger,56,2024-09-26,4.09,"Paper pot 4"": 264",2.0,1080.0,,
2024-08-01,Vegetables,Onions,Yellow,Bridger,56,2024-09-26,4.09,"Paper pot 4"": 264",2.0,1080.0,,
2024-08-01,Vegetables,Onions,Yellow,Bridger,56,2024-09-26,4.09,"Paper pot 4"": 264",2.0,1080.0,,
2024-08-01,Vegetables,Onions,Yellow,Bridger,56,2024-09-26,4.09,"Paper pot 4"": 264",2.0,1080.0,,
2024-08-01,Vegetables,Onions,Yellow,Walla Walla Sweet,56,2024-09-26,0.0,"Paper pot 4"": 264",2.0,0.0,,
2024-08-01,Vegetables,Turnips,Turnips,Hakurei,14,2024-08-15,3.07,"Paper pot 4"": 264",3.0,810.0,,
2024-08-01,Flowers,Centaurea,Centaurea (Bachelor's Button),Generic Variety,33,2024-09-03,0.03,"Paper pot 6"": 264",2.0,7.0,,
2024-08-02,Vegetables,Radishes,Radishes,Red Meat,10,2024-08-12,3.07,"Paper pot 4"": 264",1.0,810.0,,
2024-08-02,Vegetables,Radishes,Radishes,Red Meat,10,2024-08-12,3.07,"Paper pot 4"": 264",1.0,810.0,,
2024-08-02,Vegetables,Radishes,Radishes,KN-Bravo,10,2024-08-12,3.07,"Paper pot 4"": 264",1.0,810.0,,
2024-08-02,Vegetables,Radishes,Radishes,KN-Bravo,10,2024-08-12,3.07,"Paper pot 4"": 264",1.0,810.0,,
2024-08-02,Vegetables,Radishes,Radishes,Nero Tondo,10,2024-08-12,3.07,"Paper pot 4"": 264",1.0,810.0,,
2024-08-04,Vegetables,Lettuce,Summer Crisp,Muir,31,2024-09-04,0.0,,1.0,140.0,,
2024-08-05,Vegetables,Swiss Chard,Swiss Chard,Fordhook Giant,35,2024-09-09,2.42,128 cell flats,1.0,310.0,,
2024-08-05,Vegetables,Lettuce,Summer Crisp,Muir,31,2024-09-05,0.0,,1.0,140.0,,
2024-08-05,Vegetables,Lettuce,Bibb,Rosaine,28,2024-09-02,1.83,128 cell flats,1.0,234.0,,
2024-08-06,Vegetables,Lettuce,Little Gem,Newham,28,2024-09-03,1.83,128 cell flats,1.0,234.0,,
2024-08-07,Vegetables,Lettuce,Summer Crisp,Cherokee,28,2024-09-04,1.09,128 cell flats,1.0,140.0,,
2024-08-07,Vegetables,Lettuce,Summer Crisp,Cherokee,28,2024-09-04,1.09,128 cell flats,1.0,140.0,,
2024-08-07,Vegetables,Lettuce,Little Gem,Newham,28,2024-09-04,1.83,128 cell flats,1.0,234.0,,
2024-08-07,Vegetables,Lettuce,Butterhead,Adriana,28,2024-09-04,0.0,128 cell flats,1.0,0.0,,
2024-08-07,Vegetables,Lettuce,Butterhead,Adriana,28,2024-09-04,0.0,128 cell flats,1.0,0.0,,
2024-08-07,Vegetables,Lettuce,Bibb,Rosaine,28,2024-09-04,1.83,128 cell flats,1.0,234.0,,
2024-08-08,Vegetables,Lettuce: Salad Mix,Lettuce: Salad Mix,SALANOVA (TINY SEED MIX),24,2024-09-01,3.46,200 cell flats,1.0,691.0,,
2024-08-08,Vegetables,Lettuce: Salad Mix,Lettuce: Salad Mix,SALANOVA (TINY SEED MIX),24,2024-09-01,3.46,200 cell flats,1.0,691.0,,
2024-08-08,Vegetables,Lettuce: Salad Mix,Lettuce: Salad Mix,SALANOVA (TINY SEED MIX),24,2024-09-01,3.46,200 cell flats,1.0,691.0,,
2024-08-09,Vegetables,Lettuce: Salad Mix,Lettuce: Salad Mix,SALANOVA (TINY SEED MIX),24,2024-09-02,3.46,200 cell flats,1.0,691.0,,
2024-08-12,Vegetables,Broccoli,Raab & Broccolini,spring raab,16,2024-08-28,3.07,"Paper pot 4"": 264",3.0,810.0,,
2024-08-12,Vegetables,Broccoli,Raab & Broccolini,spring raab,16,2024-08-28,3.07,"Paper pot 4"": 264",3.0,810.0,,
2024-08-14,Vegetables,Bok Choy,Pac Choi (Bok Choy),Li Ren Choi,28,2024-09-11,0.0,128 cell flats,1.0,0.0,,
2024-08-17,Vegetables,Lettuce: Salad Mix,Lettuce: Salad Mix,SALANOVA (TINY SEED MIX),24,2024-09-10,3.46,200 cell flats,1.0,691.0,,
2024-08-17,Vegetables,Lettuce: Salad Mix,Lettuce: Salad Mix,SALANOVA (TINY SEED MIX),24,2024-09-10,3.46,200 cell flats,1.0,691.0,,
2024-08-17,Vegetables,Lettuce: Salad Mix,Lettuce: Salad Mix,SALANOVA (TINY SEED MIX),24,2024-09-10,3.46,200 cell flats,1.0,691.0,,
2024-08-17,Vegetables,Lettuce: Salad Mix,Lettuce: Salad Mix,SALANOVA (TINY SEED MIX),24,2024-09-10,3.46,200 cell flats,1.0,691.0,,
2024-09-03,Vegetables,Spinach,Spinach,Space,15,2024-09-18,4.09,"Paper pot 4"": 264",2.0,1080.0,,
2024-09-03,Vegetables,Spinach,Spinach,Space,15,2024-09-18,4.09,"Paper pot 4"": 264",2.0,1080.0,,
2024-09-03,Vegetables,Spinach,Spinach,Space,15,2024-09-18,4.09,"Paper pot 4"": 264",2.0,1080.0,,
2024-09-03,Vegetables,Spinach,Spinach,Space,15,2024-09-18,4.09,"Paper pot 4"": 264",2.0,1080.0,,
2024-09-03,Vegetables,Spinach,Spinach,Space,15,2024-09-18,4.09,"Paper pot 4"": 264",2.0,1080.0,,
2024-09-03,Vegetables,Spinach,Spinach,Space,15,2024-09-18,4.09,"Paper pot 4"": 264",2.0,1080.0,,
2024-09-03,Vegetables,Spinach,Spinach,Space,15,2024-09-18,4.09,"Paper pot 4"": 264",2.0,1080.0,,
2024-09-03,Vegetables,Spinach,Spinach,Space,15,2024-09-18,4.09,"Paper pot 4"": 264",2.0,1080.0,,
2024-09-15,Vegetables,Spinach,Spinach,Space,15,2024-09-30,4.09,"Paper pot 4"": 264",2.0,1080.0,,
2024-09-15,Vegetables,Spinach,Spinach,Space,15,2024-09-30,4.09,"Paper pot 4"": 264",2.0,1080.0,,
2024-09-15,Vegetables,Spinach,Spinach,Space,15,2024-09-30,4.09,"Paper pot 4"": 264",2.0,1080.0,,
2024-09-15,Vegetables,Spinach,Spinach,Space,15,2024-09-30,4.09,"Paper pot 4"": 264",2.0,1080.0,,
